Date,Nifty50,Nifty100,Benchmark_Return
03-01-2022,17625.69922,17874,
04-01-2022,17805.25,18030.94922,0.008780867
05-01-2022,17925.25,18147.5,0.006463929
06-01-2022,17745.90039,17985.59961,-0.008921361
07-01-2022,17812.69922,18053.94922,0.003800241
10-01-2022,18003.30078,18229.09961,0.0097015
11-01-2022,18055.75,18275.15039,0.002526224
12-01-2022,18212.34961,18430.25,0.008486913
13-01-2022,18257.80078,18482.44922,0.002832258
14-01-2022,18255.75,18485.69922,0.000175842
17-01-2022,18308.09961,18543.19922,0.003110513
18-01-2022,18113.05078,18331.69922,-0.011405799
19-01-2022,17938.40039,18179.69922,-0.008291648
20-01-2022,17757,18021.09961,-0.008723995
21-01-2022,17617.15039,17856.15039,-0.009153116
24-01-2022,17149.09961,17353.44922,-0.02815283
25-01-2022,17277.94922,17489.15039,0.007819838
27-01-2022,17110.15039,17302.34961,-0.010680952
28-01-2022,17101.94922,17314.69922,0.000713753
31-01-2022,17339.84961,17547.40039,0.013439516
01-02-2022,17576.84961,17796.25,0.014181566
02-02-2022,17780,17998.75,0.011378802
03-02-2022,17560.19922,17794.69922,-0.011336942
04-02-2022,17516.30078,17755.30078,-0.002214055
07-02-2022,17213.59961,17477.65039,-0.015637606
08-02-2022,17266.75,17509.80078,0.001839514
09-02-2022,17463.80078,17707.84961,0.011310741
10-02-2022,17605.84961,17842.90039,0.007626605
11-02-2022,17374.75,17606.59961,-0.013243406
14-02-2022,16842.80078,17060.69922,-0.031005441
15-02-2022,17352.44922,17560.55078,0.029298422
16-02-2022,17322.19922,17530.65039,-0.001702702
17-02-2022,17304.59961,17524.44922,-0.000353733
18-02-2022,17276.30078,17472.90039,-0.002941538
21-02-2022,17206.65039,17379.09961,-0.005368358
22-02-2022,17092.19922,17276.5,-0.005903621
23-02-2022,17063.25,17273.44922,-0.000176586
24-02-2022,16247.9502,16428.05078,-0.048942075
25-02-2022,16658.40039,16872.34961,0.027045134
28-02-2022,16793.90039,17016.55078,0.008546597
02-03-2022,16605.94922,16855.69922,-0.009452654
03-03-2022,16498.05078,16761.59961,-0.005582658
04-03-2022,16245.34961,16482.84961,-0.016630274
07-03-2022,15863.15039,16086.9502,-0.024018869
08-03-2022,16013.4502,16251.65039,0.010238124
09-03-2022,16345.34961,16571.55078,0.019684179
10-03-2022,16594.90039,16835.5,0.015927853
11-03-2022,16630.44922,16877.69922,0.002506562
14-03-2022,16871.30078,17076.59961,0.011784805
15-03-2022,16663,16873.44922,-0.011896419
16-03-2022,16975.34961,17198,0.019234406
17-03-2022,17287.05078,17505.40039,0.017874194
21-03-2022,17117.59961,17323.65039,-0.01038251
22-03-2022,17315.5,17499.19922,0.010133478
23-03-2022,17245.65039,17446.05078,-0.003037193
24-03-2022,17222.75,17429.94922,-0.000922934
25-03-2022,17153,17370.5,-0.003410751
28-03-2022,17222,17422.15039,0.002973454
29-03-2022,17325.30078,17523.59961,0.005823002
30-03-2022,17498.25,17684.30078,0.009170557
31-03-2022,17464.75,17660.34961,-0.001354375
01-04-2022,17670.44922,17879.5,0.012409176
04-04-2022,18053.40039,18256.09961,0.021063207
05-04-2022,17957.40039,18195.09961,-0.003341349
06-04-2022,17807.65039,18075.09961,-0.006595182
07-04-2022,17639.55078,17920.80078,-0.008536541
08-04-2022,17784.34961,18089.30078,0.009402482
11-04-2022,17674.94922,18032.40039,-0.003145527
12-04-2022,17530.30078,17877.55078,-0.008587299
13-04-2022,17475.65039,17835.19922,-0.00236898
18-04-2022,17173.65039,17565.94922,-0.015096551
19-04-2022,16958.65039,17330.40039,-0.013409399
20-04-2022,17136.55078,17496.65039,0.009592969
21-04-2022,17392.59961,17750.19922,0.014491278
22-04-2022,17171.94922,17541.09961,-0.011780128
25-04-2022,16953.94922,17300.34961,-0.013724909
26-04-2022,17200.80078,17577.80078,0.016037316
27-04-2022,17038.40039,17398.55078,-0.010197521
28-04-2022,17245.05078,17615.40039,0.012463659
29-04-2022,17102.55078,17457.19922,-0.008980844
02-05-2022,17069.09961,17419.44922,-0.002162432
04-05-2022,16677.59961,17004.05078,-0.023846818
05-05-2022,16682.65039,17016.59961,0.000737991
06-05-2022,16411.25,16729.55078,-0.016868754
09-05-2022,16301.84961,16581.80078,-0.008831678
10-05-2022,16240.0498,16466.25,-0.00696853
11-05-2022,16167.09961,16399.69922,-0.004041648
12-05-2022,15808,16023.90039,-0.022914983
13-05-2022,15782.15039,15986.5,-0.002334038
16-05-2022,15842.2998,16079,0.005786132
17-05-2022,16259.2998,16498.5,0.026089931
18-05-2022,16240.2998,16485.80078,-0.00076972
19-05-2022,15809.40039,16047.34961,-0.026595685
20-05-2022,16266.15039,16476.69922,0.026755173
23-05-2022,16214.7002,16409.75,-0.004063267
24-05-2022,16125.15039,16312.2998,-0.005938555
25-05-2022,16025.7998,16187.15039,-0.007672089
26-05-2022,16170.15039,16341.90039,0.009560052
27-05-2022,16352.4502,16516.80078,0.010702573
30-05-2022,16661.40039,16838.15039,0.019455923
31-05-2022,16584.55078,16767.5,-0.004195852
01-06-2022,16522.75,16688.94922,-0.004684704
02-06-2022,16628,16794.75,0.006339571
03-06-2022,16584.30078,16721.5,-0.004361482
06-06-2022,16569.55078,16701.19922,-0.001214053
07-06-2022,16416.34961,16550.69922,-0.009011329
08-06-2022,16356.25,16492.19922,-0.003534594
09-06-2022,16478.09961,16616.40039,0.007530904
10-06-2022,16201.7998,16353.5,-0.015821741
13-06-2022,15774.40039,15936.0498,-0.025526658
14-06-2022,15732.09961,15905.59961,-0.001910774
15-06-2022,15692.15039,15874.90039,-0.001930089
16-06-2022,15360.59961,15543.34961,-0.02088522
17-06-2022,15293.5,15445.7998,-0.006275984
20-06-2022,15350.15039,15481.9502,0.002340468
21-06-2022,15638.7998,15793.15039,0.020100839
22-06-2022,15413.2998,15555.2998,-0.015060364
23-06-2022,15556.65039,15704.7998,0.009610872
24-06-2022,15699.25,15858.2998,0.009774082
27-06-2022,15832.0498,15990.2998,0.008323717
28-06-2022,15850.2002,16008.84961,0.001160066
29-06-2022,15799.09961,15952.75,-0.003504287
30-06-2022,15780.25,15929.40039,-0.001463673
01-07-2022,15752.0498,15925.9502,-0.000216593
04-07-2022,15835.34961,16018.15039,0.005789305
05-07-2022,15810.84961,16001.59961,-0.001033252
06-07-2022,15989.7998,16196.25,0.012164433
07-07-2022,16132.90039,16339.09961,0.008819919
08-07-2022,16220.59961,16424,0.005196149
11-07-2022,16216,16465.09961,0.002502412
12-07-2022,16058.2998,16323.5,-0.008599985
13-07-2022,15966.65039,16237.25,-0.005283793
14-07-2022,15938.65039,16213.0498,-0.001490412
15-07-2022,16049.2002,16317.2002,0.006423862
18-07-2022,16278.5,16548.15039,0.014153788
19-07-2022,16340.5498,16614.05078,0.003982342
20-07-2022,16520.84961,16773.69922,0.009609242
21-07-2022,16605.25,16881.69922,0.006438651
22-07-2022,16719.44922,16970.69922,0.005271981
25-07-2022,16631,16892.09961,-0.004631489
26-07-2022,16483.84961,16733.30078,-0.009400775
27-07-2022,16641.80078,16889.55078,0.009337668
28-07-2022,16929.59961,17169.69922,0.016587087
29-07-2022,17158.25,17400.75,0.013456892
01-08-2022,17340.05078,17598.80078,0.011381738
02-08-2022,17345.44922,17618.25,0.001105145
03-08-2022,17388.15039,17646,0.001575071
04-08-2022,17382,17652.94922,0.000393813
05-08-2022,17397.5,17655.5,0.000144496
08-08-2022,17525.09961,17784.80078,0.007323541
10-08-2022,17534.75,17784.90039,5.60E-06
11-08-2022,17659,17913.94922,0.00725609
12-08-2022,17698.15039,17956.80078,0.002392078
16-08-2022,17825.25,18107.25,0.008378398
17-08-2022,17944.25,18235.55078,0.007085603
18-08-2022,17956.5,18264.40039,0.001582053
19-08-2022,17758.44922,18071.09961,-0.010583473
22-08-2022,17490.69922,17792.44922,-0.01541967
23-08-2022,17577.5,17878.40039,0.004830767
24-08-2022,17604.94922,17917.30078,0.002175832
25-08-2022,17522.44922,17847.65039,-0.003887326
26-08-2022,17558.90039,17893.80078,0.002585796
29-08-2022,17312.90039,17666.44922,-0.012705605
30-08-2022,17759.30078,18112.40039,0.02524283
01-09-2022,17542.80078,17924.30078,-0.010385129
02-09-2022,17539.44922,17916,-0.000463102
05-09-2022,17665.80078,18021.65039,0.005896985
06-09-2022,17655.59961,18031.30078,0.000535489
07-09-2022,17624.40039,18008.09961,-0.001286716
08-09-2022,17798.75,18168.84961,0.008926539
09-09-2022,17833.34961,18198.09961,0.001609898
12-09-2022,17936.34961,18319.80078,0.006687576
13-09-2022,18070.05078,18453.69922,0.007308946
14-09-2022,18003.75,18405.59961,-0.002606502
15-09-2022,17877.40039,18316.90039,-0.004819143
16-09-2022,17530.84961,17938.09961,-0.020680397
19-09-2022,17622.25,18025.25,0.004858396
20-09-2022,17816.25,18222.09961,0.01092077
21-09-2022,17718.34961,18091.90039,-0.007145127
22-09-2022,17629.80078,18030.40039,-0.003399311
23-09-2022,17327.34961,17718.44922,-0.0173014
26-09-2022,17016.30078,17374.80078,-0.01939495
27-09-2022,17007.40039,17366.40039,-0.000483481
28-09-2022,16858.59961,17219.55078,-0.008455961
29-09-2022,16818.09961,17167.75,-0.003008254
30-09-2022,17094.34961,17438.59961,0.015776652
03-10-2022,16887.34961,17190.90039,-0.014204077
04-10-2022,17274.30078,17589.30078,0.023175074
06-10-2022,17331.80078,17662.80078,0.004178677
07-10-2022,17314.65039,17641.44922,-0.001208843
10-10-2022,17241,17553.15039,-0.005005191
11-10-2022,16983.55078,17285.84961,-0.01522808
12-10-2022,17123.59961,17423.40039,0.007957421
13-10-2022,17014.34961,17302.15039,-0.006959032
14-10-2022,17185.69922,17432.55078,0.007536658
17-10-2022,17311.80078,17560.5,0.007339673
18-10-2022,17486.94922,17741.19922,0.010290095
19-10-2022,17512.25,17756.25,0.000848352
20-10-2022,17563.94922,17829.44922,0.004122448
21-10-2022,17576.30078,17808.80078,-0.001158109
24-10-2022,17730.75,17951.30078,0.008001662
25-10-2022,17656.34961,17887.40039,-0.003559652
27-10-2022,17736.94922,17989,0.005679954
28-10-2022,17786.80078,18017.19922,0.001567581
31-10-2022,18012.19922,18243.40039,0.012554735
01-11-2022,18145.40039,18383.19922,0.007662981
02-11-2022,18082.84961,18322.40039,-0.003307304
03-11-2022,18052.69922,18297.40039,-0.00136445
04-11-2022,18117.15039,18361.44922,0.003500433
07-11-2022,18202.80078,18450.15039,0.004830837
09-11-2022,18157,18406.25,-0.002379406
10-11-2022,18028.19922,18267.09961,-0.007559953
11-11-2022,18349.69922,18573.34961,0.016765114
14-11-2022,18329.15039,18568.40039,-0.000266469
15-11-2022,18403.40039,18635.40039,0.003608281
16-11-2022,18409.65039,18615.5,-0.001067881
17-11-2022,18343.90039,18532.44922,-0.004461378
18-11-2022,18307.65039,18483.19922,-0.002657501
21-11-2022,18159.94922,18334.65039,-0.008036965
22-11-2022,18244.19922,18407.5,0.00397333
23-11-2022,18267.25,18433.80078,0.001428808
24-11-2022,18484.09961,18627.25,0.010494267
25-11-2022,18512.75,18652.05078,0.001331425
28-11-2022,18562.75,18696.75,0.002396477
29-11-2022,18618.05078,18758.34961,0.003294669
30-11-2022,18758.34961,18919.55078,0.008593569
01-12-2022,18812.5,18973.05078,0.002827763
02-12-2022,18696.09961,18870.25,-0.005418253
05-12-2022,18701.05078,18867.65039,-0.000137762
06-12-2022,18642.75,18821.55078,-0.002443315
07-12-2022,18560.5,18754,-0.003589012
08-12-2022,18609.34961,18802,0.002559454
09-12-2022,18496.59961,18687.65039,-0.006081779
12-12-2022,18497.15039,18690.80078,0.000168581
13-12-2022,18608,18781.65039,0.004860659
14-12-2022,18660.30078,18837.25,0.002960315
15-12-2022,18414.90039,18604.44922,-0.012358533
16-12-2022,18269,18446.30078,-0.008500571
19-12-2022,18420.44922,18604.5,0.008576203
20-12-2022,18385.30078,18570.40039,-0.001832869
21-12-2022,18199.09961,18361.15039,-0.011267932
22-12-2022,18127.34961,18277.84961,-0.004536795
23-12-2022,17806.80078,17888.05078,-0.021326296
27-12-2022,18132.30078,18263.55078,0.020991667
28-12-2022,18122.5,18270.94922,0.000405093
29-12-2022,18191,18343.59961,0.003976279
30-12-2022,18105.30078,18258.75,-0.00462557
02-01-2023,18197.44922,18334.30078,0.004137785
03-01-2023,18232.55078,18376.5,0.002301654
04-01-2023,18042.94922,18173.44922,-0.011049481
05-01-2023,17992.15039,18150,-0.001290301
06-01-2023,17859.44922,18013.94922,-0.007495911
09-01-2023,18101.19922,18248.55078,0.013023327
10-01-2023,17914.15039,18081,-0.009181594
11-01-2023,17895.69922,18054.30078,-0.001476645
12-01-2023,17858.19922,18028.30078,-0.0014401
13-01-2023,17956.59961,18126.25,0.005433081
16-01-2023,17894.84961,18074.19922,-0.002871569
17-01-2023,18053.30078,18216.40039,0.007867633
18-01-2023,18165.34961,18307.40039,0.004995498
19-01-2023,18107.84961,18244.75,-0.003422135
20-01-2023,18027.65039,18169.44922,-0.004127257
23-01-2023,18118.55078,18249.34961,0.004397513
24-01-2023,18118.30078,18245.34961,-0.000219186
25-01-2023,17891.94922,17974.34961,-0.0148531
27-01-2023,17604.34961,17594.5,-0.021132871
30-01-2023,17648.94922,17571.84961,-0.001287356
31-01-2023,17662.15039,17601,0.001658926
01-02-2023,17616.30078,17516.15039,-0.004820727
02-02-2023,17610.40039,17490.30078,-0.001475759
03-02-2023,17854.05078,17687.34961,0.011266177
06-02-2023,17764.59961,17611.44922,-0.004291225
07-02-2023,17721.5,17569.69922,-0.002370617
08-02-2023,17871.69922,17719.84961,0.008545985
09-02-2023,17893.44922,17723.84961,0.000225736
10-02-2023,17856.5,17685.44922,-0.002166594
13-02-2023,17770.90039,17575.15039,-0.006236699
14-02-2023,17929.84961,17702.34961,0.007237447
15-02-2023,18015.84961,17786.90039,0.004776246
16-02-2023,18035.84961,17814.90039,0.001574192
17-02-2023,17944.19922,17721.05078,-0.00526804
20-02-2023,17844.59961,17626.90039,-0.005312912
21-02-2023,17826.69922,17604.40039,-0.001276458
22-02-2023,17554.30078,17335,-0.015303014
23-02-2023,17511.25,17286.30078,-0.0028093
24-02-2023,17465.80078,17242.15039,-0.002554068
27-02-2023,17392.69922,17156.15039,-0.004987777
28-02-2023,17303.94922,17083.80078,-0.004217124
01-03-2023,17450.90039,17238.44922,0.009052344
02-03-2023,17321.90039,17129.65039,-0.006311405
03-03-2023,17594.34961,17385.94922,0.014962292
06-03-2023,17711.44922,17506.30078,0.006922346
08-03-2023,17754.40039,17552.94922,0.002664666
09-03-2023,17589.59961,17398.30078,-0.008810396
10-03-2023,17412.90039,17244.30078,-0.008851439
13-03-2023,17154.30078,16997.30078,-0.014323573
14-03-2023,17043.30078,16887.05078,-0.006486324
15-03-2023,16972.15039,16825.05078,-0.003671452
16-03-2023,16985.59961,16852.25,0.001616591
17-03-2023,17100.05078,16964.80078,0.00667868
20-03-2023,16988.40039,16852.90039,-0.006596033
21-03-2023,17107.5,16970.5,0.006978004
22-03-2023,17151.90039,17026.19922,0.00328212
23-03-2023,17076.90039,16958.15039,-0.003996713
24-03-2023,16945.05078,16831.80078,-0.007450672
27-03-2023,16985.69922,16849.30078,0.001039699
28-03-2023,16951.69922,16795.34961,-0.003201983
29-03-2023,17080.69922,16918.05078,0.007305663
31-03-2023,17359.75,17186.15039,0.015846956
03-04-2023,17398.05078,17224.75,0.002245972
05-04-2023,17557.05078,17373.94922,0.008661909
06-04-2023,17599.15039,17414.65039,0.002342655
10-04-2023,17624.05078,17446.30078,0.001817458
11-04-2023,17722.30078,17540.80078,0.005416621
12-04-2023,17812.40039,17626.90039,0.004908534
13-04-2023,17828,17635.15039,0.000468035
17-04-2023,17706.84961,17543.44922,-0.005199909
18-04-2023,17660.15039,17510.84961,-0.001858221
19-04-2023,17618.75,17455.44922,-0.003163775
20-04-2023,17624.44922,17459.84961,0.000252093
21-04-2023,17624.05078,17455.25,-0.000263439
24-04-2023,17743.40039,17564.40039,0.006253155
25-04-2023,17769.25,17600.05078,0.002029696
26-04-2023,17813.59961,17645.55078,0.00258522
27-04-2023,17915.05078,17739.94922,0.005349702
28-04-2023,18065,17903.94922,0.009244671
02-05-2023,18147.65039,17989.30078,0.004767192
03-05-2023,18089.84961,17941.09961,-0.002679435
04-05-2023,18255.80078,18099.75,0.008842847
05-05-2023,18069,17939.25,-0.008867526
08-05-2023,18264.40039,18118.5,0.009992057
09-05-2023,18265.94922,18114.05078,-0.000245562
10-05-2023,18315.09961,18170.84961,0.003135623
11-05-2023,18297,18174.25,0.000187134
12-05-2023,18314.80078,18181.94922,0.000423633
15-05-2023,18398.84961,18258.09961,0.004188241
16-05-2023,18286.5,18162.25,-0.005249704
17-05-2023,18181.75,18056.69922,-0.005811548
18-05-2023,18129.94922,17985.75,-0.003929246
19-05-2023,18203.40039,18060.34961,0.004147706
22-05-2023,18314.40039,18180.90039,0.006674886
23-05-2023,18348,18219.80078,0.002139629
24-05-2023,18285.40039,18170,-0.002733333
25-05-2023,18321.15039,18213.59961,0.002399538
26-05-2023,18499.34961,18393.05078,0.009852592
29-05-2023,18598.65039,18490.25,0.005284562
30-05-2023,18633.84961,18516.94922,0.001443962
31-05-2023,18534.40039,18438.30078,-0.004247376
01-06-2023,18487.75,18405.69922,-0.001768143
02-06-2023,18534.09961,18457,0.002787223
05-06-2023,18593.84961,18513.84961,0.003080111
06-06-2023,18599,18527.84961,0.000756191
07-06-2023,18726.40039,18659.65039,0.007113658
08-06-2023,18634.55078,18562.94922,-0.005182368
09-06-2023,18563.40039,18502.09961,-0.003278014
12-06-2023,18601.5,18545.80078,0.002361957
13-06-2023,18716.15039,18668,0.006589051
14-06-2023,18755.90039,18705.25,0.001995393
15-06-2023,18688.09961,18653.59961,-0.002761278
16-06-2023,18826,18798.55078,0.007770681
19-06-2023,18755.44922,18732.80078,-0.00349761
20-06-2023,18816.69922,18794.59961,0.003298964
21-06-2023,18856.84961,18827.80078,0.001766527
22-06-2023,18771.25,18722.69922,-0.005582254
23-06-2023,18665.5,18595.75,-0.006780498
26-06-2023,18691.19922,18632.75,0.001989702
27-06-2023,18817.40039,18751.30078,0.006362495
28-06-2023,18972.09961,18901.19922,0.007994029
30-06-2023,19189.05078,19099.55078,0.010494126
03-07-2023,19322.55078,19223.84961,0.006507945
04-07-2023,19389,19270.55078,0.002429335
05-07-2023,19398.5,19297.94922,0.001421778
06-07-2023,19497.30078,19397.09961,0.005137872
07-07-2023,19331.80078,19233.59961,-0.008429095
10-07-2023,19355.90039,19239.80078,0.000322413
11-07-2023,19439.40039,19333.59961,0.00487525
12-07-2023,19384.30078,19293.69922,-0.002063785
13-07-2023,19413.75,19304.84961,0.000577929
14-07-2023,19564.5,19454,0.007726058
17-07-2023,19711.44922,19584.80078,0.006723593
18-07-2023,19749.25,19605.84961,0.001074753
19-07-2023,19833.15039,19690.69922,0.00432777
20-07-2023,19979.15039,19811.90039,0.00615525
21-07-2023,19745,19602.59961,-0.010564397
24-07-2023,19672.34961,19540.44922,-0.003170518
25-07-2023,19680.59961,19566.90039,0.001353662
26-07-2023,19778.30078,19662,0.004860229
27-07-2023,19659.90039,19566.69922,-0.004846952
28-07-2023,19646.05078,19580.65039,0.000713006
31-07-2023,19753.80078,19679.34961,0.005040651
01-08-2023,19733.55078,19659.84961,-0.000990886
02-08-2023,19526.55078,19447.09961,-0.010821548
03-08-2023,19381.65039,19310.90039,-0.007003575
04-08-2023,19517,19448.75,0.007138435
07-08-2023,19597.30078,19521.84961,0.003758576
08-08-2023,19570.84961,19497.44922,-0.001249902
09-08-2023,19632.55078,19554.75,0.002938886
10-08-2023,19543.09961,19463.09961,-0.004686861
11-08-2023,19428.30078,19359,-0.005348563
14-08-2023,19434.55078,19330.80078,-0.001456647
16-08-2023,19465,19358.05078,0.001409667
17-08-2023,19365.25,19264.59961,-0.004827509
18-08-2023,19310.15039,19209.34961,-0.002867955
21-08-2023,19393.59961,19303.40039,0.004896094
22-08-2023,19396.44922,19325.44922,0.001142225
23-08-2023,19444,19362.55078,0.001919829
24-08-2023,19386.69922,19323.34961,-0.002024587
25-08-2023,19265.80078,19193.90039,-0.006699109
28-08-2023,19306.05078,19243.65039,0.002591969
29-08-2023,19342.65039,19291.25,0.002473523
30-08-2023,19347.44922,19307.5,0.000842351
31-08-2023,19253.80078,19204.80078,-0.005319136
01-09-2023,19435.30078,19382.94922,0.009276245
04-09-2023,19528.80078,19485.5,0.005290773
05-09-2023,19574.90039,19531.19922,0.002345294
06-09-2023,19611.05078,19578.25,0.002409006
07-09-2023,19727.05078,19690.5,0.005733403
08-09-2023,19819.94922,19789.30078,0.005017688
11-09-2023,19996.34961,19970.80078,0.009171623
12-09-2023,19993.19922,19905.19922,-0.003284874
13-09-2023,20070,19977.80078,0.003647367
14-09-2023,20103.09961,20024.80078,0.002352611
15-09-2023,20192.34961,20108.40039,0.004174804
18-09-2023,20133.30078,20056.15039,-0.002598417
20-09-2023,19901.40039,19832.59961,-0.011146246
21-09-2023,19742.34961,19674.80078,-0.007956538
22-09-2023,19674.25,19614.19922,-0.003080161
25-09-2023,19674.55078,19606.84961,-0.000374709
26-09-2023,19664.69922,19606.05078,-4.07E-05
27-09-2023,19716.44922,19654.94922,0.002494048
28-09-2023,19523.55078,19451.65039,-0.010343391
29-09-2023,19638.30078,19577.05078,0.006446774
03-10-2023,19528.75,19492.69922,-0.004308696
04-10-2023,19436.09961,19376.25,-0.005973992
05-10-2023,19545.75,19476.05078,0.005150676
06-10-2023,19653.5,19584.44922,0.00556573
09-10-2023,19512.34961,19428.90039,-0.007942466
10-10-2023,19689.84961,19616.55078,0.009658312
11-10-2023,19811.34961,19736.80078,0.006130028
12-10-2023,19794,19728.09961,-0.00044086
13-10-2023,19751.05078,19691.69922,-0.001845104
16-10-2023,19731.75,19680.65039,-0.000561091
17-10-2023,19811.5,19758.90039,0.003975986
18-10-2023,19671.09961,19611.34961,-0.00746756
19-10-2023,19624.69922,19562.30078,-0.002501043
20-10-2023,19542.65039,19468.40039,-0.004800069
23-10-2023,19281.75,19189.09961,-0.014346365
25-10-2023,19122.15039,19034.40039,-0.008061828
26-10-2023,18857.25,18780.59961,-0.013333794
27-10-2023,19047.25,18996.09961,0.011474607
30-10-2023,19140.90039,19080.84961,0.004461442
31-10-2023,19079.59961,19035.34961,-0.00238459
01-11-2023,18989.15039,18942.30078,-0.004888212
02-11-2023,19133.25,19107.25,0.008707982
03-11-2023,19230.59961,19222.09961,0.006010787
06-11-2023,19411.75,19399.09961,0.009208151
07-11-2023,19406.69922,19416.80078,0.000912474
08-11-2023,19443.5,19470.09961,0.002744985
09-11-2023,19395.30078,19413.80078,-0.002891553
10-11-2023,19425.34961,19444.80078,0.001596802
13-11-2023,19443.55078,19475.69922,0.001589034
15-11-2023,19675.44922,19698.40039,0.011434823
16-11-2023,19765.19922,19785.84961,0.004439407
17-11-2023,19731.80078,19773.44922,-0.00062673
20-11-2023,19694,19730.69922,-0.00216199
21-11-2023,19783.40039,19806.40039,0.00383672
22-11-2023,19811.84961,19818.90039,0.000631109
23-11-2023,19802,19819.40039,2.52E-05
24-11-2023,19794.69922,19812.09961,-0.000368365
28-11-2023,19889.69922,19938.40039,0.006374932
29-11-2023,20096.59961,20136.19922,0.009920496
30-11-2023,20133.15039,20201,0.003218124
01-12-2023,20267.90039,20339.44922,0.006853582
04-12-2023,20686.80078,20757.94922,0.020575778
05-12-2023,20855.09961,20949.25,0.009215784
06-12-2023,20937.69922,21074.15039,0.005962046
07-12-2023,20901.15039,21076.34961,0.000104356
08-12-2023,20969.40039,21107.19922,0.001463707
11-12-2023,20997.09961,21161.69922,0.002582057
12-12-2023,20906.40039,21058.25,-0.004888512
13-12-2023,20926.34961,21099.59961,0.001963582
14-12-2023,21182.69922,21364.30078,0.012545317
15-12-2023,21456.65039,21595.5,0.010821755
18-12-2023,21418.65039,21585.25,-0.000474636
19-12-2023,21453.09961,21622.94922,0.001746527
20-12-2023,21150.15039,21267.34961,-0.016445472
21-12-2023,21255.05078,21402.15039,0.006338391
22-12-2023,21349.40039,21508.84961,0.004985444
26-12-2023,21441.34961,21617.05078,0.005030542
27-12-2023,21654.75,21815.44922,0.009177868
28-12-2023,21778.69922,21931.75,0.00533112
29-12-2023,21731.40039,21918.80078,-0.000590433
02-01-2024,21665.80078,21865.25,-0.002443144
03-01-2024,21517.34961,21771.40039,-0.004292181
04-01-2024,21658.59961,21934.40039,0.007486886
05-01-2024,21710.80078,21974.59961,0.001832702
08-01-2024,21513,21770.75,-0.009276602
09-01-2024,21544.84961,21815.15039,0.002039452
10-01-2024,21618.69922,21885.80078,0.003238593
11-01-2024,21647.19922,21942.15039,0.002574711
12-01-2024,21894.55078,22159.25,0.009894181
15-01-2024,22097.44922,22338.75,0.008100455
16-01-2024,22032.30078,22274.59961,-0.002871709
17-01-2024,21571.94922,21839.94922,-0.019513275
18-01-2024,21462.25,21730.09961,-0.005029756
19-01-2024,21622.40039,21916,0.008554972
23-01-2024,21238.80078,21506.80078,-0.018671255
24-01-2024,21453.94922,21746,0.011122027
25-01-2024,21352.59961,21666.5,-0.003655845
29-01-2024,21737.59961,22041.59961,0.017312423
30-01-2024,21522.09961,21846.19922,-0.008865073
31-01-2024,21725.69922,22051.55078,0.009399876
01-02-2024,21697.44922,22039.59961,-0.000541965
02-02-2024,21853.80078,22199,0.007232454
05-02-2024,21771.69922,22113.40039,-0.003856012
06-02-2024,21929.40039,22299.30078,0.008406685
07-02-2024,21930.5,22363.69922,0.002887913
08-02-2024,21717.94922,22202.75,-0.007196896
09-02-2024,21782.5,22247.55078,0.002017803
12-02-2024,21616.05078,22042.09961,-0.009234777
13-02-2024,21743.25,22181.59961,0.006328798
14-02-2024,21840.05078,22313.40039,0.005941897
15-02-2024,21910.75,22405.55078,0.004129823
16-02-2024,22040.69922,22540.90039,0.006040896
20-02-2024,22196.94922,22685.65039,0.00642166
21-02-2024,22055.05078,22547.59961,-0.006085379
22-02-2024,22217.44922,22725.40039,0.007885575
23-02-2024,22212.69922,22734.30078,0.000391649
26-02-2024,22122.05078,22667.75,-0.002927329
27-02-2024,22198.34961,22722.30078,0.002406537
28-02-2024,21951.15039,22457.65039,-0.011647165
29-02-2024,21982.80078,22526.30078,0.003056882
01-03-2024,22338.75,22862.05078,0.0149048
04-03-2024,22405.59961,22944.80078,0.003619535
05-03-2024,22356.30078,22900.65039,-0.0019242
06-03-2024,22474.05078,22988.34961,0.003829551
07-03-2024,22493.55078,23036.05078,0.002075015
11-03-2024,22332.65039,22895.44922,-0.006103544
12-03-2024,22335.69922,22840.90039,-0.002382518
13-03-2024,21997.69922,22399,-0.01934689
14-03-2024,22146.65039,22623.69922,0.010031663
15-03-2024,22023.34961,22494.69922,-0.005701985
18-03-2024,22055.69922,22541.15039,0.002064983
19-03-2024,21817.44922,22274.65039,-0.011822822
20-03-2024,21839.09961,22307.75,0.001485977
21-03-2024,22011.94922,22538.90039,0.010361887
22-03-2024,22096.75,22633.80078,0.004210516
26-03-2024,22004.69922,22601.34961,-0.001433748
27-03-2024,22123.65039,22698.5,0.004298433
28-03-2024,22326.90039,22920.69922,0.009789159
01-04-2024,22462,23107.15039,0.00813462
02-04-2024,22453.30078,23138.55078,0.001358904
03-04-2024,22434.65039,23136.59961,-8.43E-05
04-04-2024,22514.65039,23206,0.002999593
05-04-2024,22513.69922,23240.55078,0.001488873
08-04-2024,22666.30078,23380.30078,0.006013197
09-04-2024,22642.75,23348.90039,-0.001343028
10-04-2024,22753.80078,23474.69922,0.005387784
12-04-2024,22519.40039,23254.90039,-0.009363222
15-04-2024,22272.5,22967.09961,-0.01237592
16-04-2024,22147.90039,22870.30078,-0.004214674
18-04-2024,21995.84961,22740.19922,-0.005688669
19-04-2024,22147,22859.80078,0.005259477
22-04-2024,22336.40039,23078.90039,0.009584493
23-04-2024,22368,23116,0.001607512
24-04-2024,22402.40039,23167.80078,0.002240906
25-04-2024,22570.34961,23329.80078,0.006992463
26-04-2024,22419.94922,23232.09961,-0.004187827
29-04-2024,22643.40039,23443.80078,0.009112442
30-04-2024,22604.84961,23436.5,-0.000311416
02-05-2024,22648.19922,23541.30078,0.004471691
03-05-2024,22475.84961,23382.75,-0.006735005
06-05-2024,22442.69922,23297.75,-0.003635158
07-05-2024,22302.5,23103.75,-0.008326984
08-05-2024,22302.5,23166,0.002694368
09-05-2024,21957.5,22790.19922,-0.016222083
10-05-2024,22055.19922,22909.09961,0.005217172
13-05-2024,22104.05078,22956.34961,0.002062499
14-05-2024,22217.84961,23118.19922,0.00705032
15-05-2024,22200.55078,23133.84961,0.000676973
16-05-2024,22403.84961,23343.55078,0.00906469
17-05-2024,22466.09961,23444.30078,0.004315967
21-05-2024,22529.05078,23569.90039,0.005357362
22-05-2024,22597.80078,23633.90039,0.002715328
23-05-2024,22967.65039,23982.34961,0.014743619
24-05-2024,22957.09961,23980.09961,-9.38E-05
27-05-2024,22932.44922,23959.84961,-0.00084445
28-05-2024,22888.15039,23873.90039,-0.003587219
29-05-2024,22704.69922,23687.69922,-0.007799361
30-05-2024,22488.65039,23466.30078,-0.009346557
31-05-2024,22530.69922,23518.05078,0.00220529
03-06-2024,23263.90039,24344.19922,0.03512827
04-06-2024,21884.5,22739.59961,-0.065913017
05-06-2024,22620.34961,23550.75,0.03567127
06-06-2024,22821.40039,23806.94922,0.010878601
07-06-2024,23290.15039,24266.05078,0.019284351
10-06-2024,23259.19922,24271.15039,0.000210154
11-06-2024,23264.84961,24271.05078,-4.10E-06
12-06-2024,23322.94922,24348.80078,0.003203405
13-06-2024,23398.90039,24449.5,0.004135695
14-06-2024,23465.59961,24571.65039,0.004996028
18-06-2024,23557.90039,24683.55078,0.004554045
19-06-2024,23516,24599.90039,-0.003388912
20-06-2024,23567,24649.84961,0.002030464
21-06-2024,23501.09961,24555.5,-0.003827594
24-06-2024,23537.84961,24621.59961,0.002691845
25-06-2024,23721.30078,24757.80078,0.005531776
26-06-2024,23868.80078,24867.15039,0.004416774
27-06-2024,24044.5,25026.55078,0.006410079
28-06-2024,24010.59961,25007.25,-0.000771212
01-07-2024,24141.94922,25155.69922,0.005936247
02-07-2024,24123.84961,25120.09961,-0.001415171
03-07-2024,24286.5,25306.90039,0.007436307
04-07-2024,24302.15039,25342.55078,0.001408722
05-07-2024,24323.84961,25391.25,0.001921638
08-07-2024,24320.55078,25393.55078,9.06E-05
09-07-2024,24433.19922,25515.09961,0.004786602
10-07-2024,24324.44922,25425.65039,-0.003505737
11-07-2024,24315.94922,25433.75,0.000318561
12-07-2024,24502.15039,25577.30078,0.005644106
15-07-2024,24586.69922,25696.05078,0.004642789
16-07-2024,24613,25679.09961,-0.00065968
18-07-2024,24800.84961,25784.80078,0.004116233
19-07-2024,24530.90039,25450.84961,-0.012951474
22-07-2024,24509.25,25490.40039,0.001554006
23-07-2024,24479.05078,25419.59961,-0.002777547
24-07-2024,24413.5,25389,-0.00120378
25-07-2024,24406.09961,25407.5,0.000728662
26-07-2024,24834.84961,25841.90039,0.017097329
29-07-2024,24836.09961,25901.94922,0.0023237
30-07-2024,24857.30078,25914.09961,0.000469092
31-07-2024,24951.15039,26025.59961,0.004302677
01-08-2024,25010.90039,26057.80078,0.001237288
02-08-2024,24717.69922,25771.90039,-0.010971777
05-08-2024,24055.59961,25043.05078,-0.028280786
06-08-2024,23992.55078,24940.75,-0.004084997
07-08-2024,24297.5,25349,0.016368794
08-08-2024,24117,25161.25,-0.007406604
09-08-2024,24367.5,25425.40039,0.010498302
12-08-2024,24347,25386.05078,-0.00154765
13-08-2024,24139,25155.15039,-0.009095562
14-08-2024,24143.75,25160.65039,0.000218643
16-08-2024,24541.15039,25578.5,0.016607266
19-08-2024,24572.65039,25638.19922,0.002333961
20-08-2024,24698.84961,25782.34961,0.005622485
21-08-2024,24770.19922,25853.19922,0.002747989
22-08-2024,24811.5,25910.44922,0.002214426
23-08-2024,24823.15039,25905.94922,-0.000173675
26-08-2024,25010.59961,26076.80078,0.00659507
27-08-2024,25017.75,26083.15039,0.000243497
28-08-2024,25052.34961,26116.80078,0.00129012
29-08-2024,25151.94922,26188.90039,0.00276066
30-08-2024,25235.90039,26274.34961,0.003262803
02-09-2024,25278.69922,26335,0.00230835
03-09-2024,25279.84961,26341.69922,0.000254385
04-09-2024,25198.69922,26275.75,-0.002503605
05-09-2024,25145.09961,26239.09961,-0.001394837
06-09-2024,24852.15039,25928.55078,-0.011835346
09-09-2024,24936.40039,26011.25,0.003189504
10-09-2024,25041.09961,26115.19922,0.003996318
11-09-2024,24918.44922,25987.80078,-0.004878325
12-09-2024,25388.90039,26461.09961,0.018212346
13-09-2024,25356.5,26419.90039,-0.001556973
16-09-2024,25383.75,26453.40039,0.001267984
17-09-2024,25418.55078,26471.30078,0.000676676
18-09-2024,25377.55078,26420.15039,-0.001932296
19-09-2024,25415.80078,26425.25,0.00019302
20-09-2024,25790.94922,26821,0.014976206
23-09-2024,25939.05078,27024.09961,0.00757241
24-09-2024,25940.40039,27027.5,0.000125828
25-09-2024,26004.15039,27051.65039,0.000893549
26-09-2024,26216.05078,27256.25,0.007563295
27-09-2024,26178.94922,27253.84961,-8.81E-05
30-09-2024,25810.84961,26890.15039,-0.013344875
01-10-2024,25796.90039,26885.25,-0.000182237
03-10-2024,25250.09961,26305.25,-0.021573167
04-10-2024,25014.59961,26056,-0.009475295
07-10-2024,24795.75,25749.65039,-0.011757354
08-10-2024,25013.15039,26057.34961,0.011949647
09-10-2024,24981.94922,26076.59961,0.000738755
10-10-2024,24998.44922,26079.44922,0.000109278
11-10-2024,24964.25,26054.09961,-0.000972015
14-10-2024,25127.94922,26197.90039,0.005519315
15-10-2024,25057.34961,26149.09961,-0.001862774
16-10-2024,24971.30078,26058.09961,-0.003480043
17-10-2024,24749.84961,25765.34961,-0.011234511
18-10-2024,24854.05078,25853.80078,0.003432951
21-10-2024,24781.09961,25739.5,-0.004421044
22-10-2024,24472.09961,25348.05078,-0.015208113
23-10-2024,24435.5,25320.65039,-0.001080966
24-10-2024,24399.40039,25275.5,-0.001783145
25-10-2024,24180.80078,25022.19922,-0.010021593
28-10-2024,24339.15039,25175.19922,0.00611457
29-10-2024,24466.84961,25321.30078,0.005803392
30-10-2024,24340.84961,25195.05078,-0.004985921
31-10-2024,24205.34961,25059.5,-0.005380056
01-11-2024,24304.34961,25184.59961,0.004992103
04-11-2024,23995.34961,24857.75,-0.012978154
05-11-2024,24213.30078,25060.80078,0.00816851
06-11-2024,24484.05078,25403.15039,0.013660761
07-11-2024,24199.34961,25110.69922,-0.011512398
08-11-2024,24148.19922,25002.94922,-0.004291
11-11-2024,24141.30078,25013.30078,0.000414014
12-11-2024,23883.44922,24715.55078,-0.011903667
13-11-2024,23559.05078,24347,-0.014911696
14-11-2024,23532.69922,24366.05078,0.000782469
18-11-2024,23453.80078,24301,-0.00266973
19-11-2024,23518.5,24374.69922,0.003032765
21-11-2024,23349.90039,24135.09961,-0.009829849
22-11-2024,23907.25,24655.34961,0.021555743
25-11-2024,24221.90039,24993.65039,0.013721192
26-11-2024,24194.5,24983.09961,-0.000422138
27-11-2024,24274.90039,25115.15039,0.005285604
28-11-2024,23914.15039,24836.25,-0.011104866
29-11-2024,24131.09961,25053.94922,0.008765382
02-12-2024,24276.05078,25198.15039,0.005755626
03-12-2024,24457.15039,25393.25,0.007742616
04-12-2024,24467.44922,25428.40039,0.001384241
05-12-2024,24708.40039,25657.84961,0.009023345
06-12-2024,24677.80078,25663.90039,0.000235826
09-12-2024,24619,25594.19922,-0.002715923
10-12-2024,24610.05078,25600.19922,0.000234428
11-12-2024,24641.80078,25635.05078,0.001361378
12-12-2024,24548.69922,25546.40039,-0.003458171
13-12-2024,24768.30078,25724.59961,0.006975512
16-12-2024,24668.25,25652.84961,-0.002789159
17-12-2024,24336,25321.65039,-0.012910816
18-12-2024,24198.84961,25137.59961,-0.007268514
19-12-2024,23951.69922,24884.94922,-0.010050697
20-12-2024,23587.5,24448.84961,-0.017524633
23-12-2024,23753.44922,24599.75,0.006172085
24-12-2024,23727.65039,24572.5,-0.001107735
26-12-2024,23750.19922,24611.34961,0.00158102
27-12-2024,23813.40039,24632,0.00083906
30-12-2024,23644.90039,24500.75,-0.005328435
31-12-2024,23644.80078,24495.55078,-0.000212207
02-01-2025,24188.65039,25028.80078,0.021769259
03-01-2025,24004.75,24879.84961,-0.005951191
06-01-2025,23616.05078,24404.59961,-0.019101804
07-01-2025,23707.90039,24478.09961,0.003011727
08-01-2025,23688.94922,24426,-0.002128417
09-01-2025,23526.5,24232.30078,-0.007930043
10-01-2025,23431.5,24064.75,-0.006914357
13-01-2025,23085.94922,23586.80078,-0.019860968
14-01-2025,23176.05078,23770.59961,0.007792444
15-01-2025,23213.19922,23839.25,0.002888038
16-01-2025,23311.80078,23984.55078,0.006095023
17-01-2025,23203.19922,23926,-0.002441187
20-01-2025,23344.75,24048.80078,0.005132524
21-01-2025,23024.65039,23664.75,-0.015969644
22-01-2025,23155.34961,23738.40039,0.00311224
23-01-2025,23205.34961,23823.25,0.003574361
24-01-2025,23092.19922,23660.19922,-0.006844187
27-01-2025,22829.15039,23319.94922,-0.01438069
28-01-2025,22957.25,23440.05078,0.005150164
29-01-2025,23163.09961,23696.25,0.010929977
30-01-2025,23249.5,23772.5,0.003217809
31-01-2025,23508.40039,24053.44922,0.011818245
03-02-2025,23361.05078,23896.15039,-0.006539554
04-02-2025,23739.25,24279.65039,0.01604861
05-02-2025,23696.30078,24271.34961,-0.000341882
06-02-2025,23603.34961,24161,-0.004546497
07-02-2025,23559.94922,24125.5,-0.00146931
10-02-2025,23381.59961,23897,-0.009471306
11-02-2025,23071.80078,23530.80078,-0.015324067
12-02-2025,23045.25,23508.34961,-0.000954118
13-02-2025,23031.40039,23504.84961,-0.000148883
14-02-2025,22929.25,23325.15039,-0.007645198
17-02-2025,22959.5,23343.15039,0.000771699
18-02-2025,22945.30078,23331.40039,-0.00050336
19-02-2025,22932.90039,23368.55078,0.001592291
20-02-2025,22913.15039,23411.40039,0.001833644
21-02-2025,22795.90039,23274.05078,-0.005866783
24-02-2025,22553.34961,23021.69922,-0.010842614
25-02-2025,22547.55078,22987.15039,-0.001500707
27-02-2025,22545.05078,22948.30078,-0.001690058
28-02-2025,22124.69922,22479.44922,-0.020430775
03-03-2025,22119.30078,22514.19922,0.001545856
04-03-2025,22082.65039,22504.90039,-0.000413021
05-03-2025,22337.30078,22818.80078,0.013948091
06-03-2025,22544.69922,23038.80078,0.009641173
07-03-2025,22552.5,23027.69922,-0.000481864
10-03-2025,22460.30078,22890.75,-0.005947152
11-03-2025,22497.90039,22942.69922,0.002269442
12-03-2025,22470.5,22919.90039,-0.000993729
13-03-2025,22397.19922,22837.84961,-0.003579893
17-03-2025,22508.75,22960.80078,0.005383658
18-03-2025,22834.30078,23340.40039,0.016532507
19-03-2025,22907.59961,23468.34961,0.005481878
20-03-2025,23190.65039,23730.69922,0.011178869
21-03-2025,23350.40039,23902.09961,0.007222728
24-03-2025,23658.34961,24214.19922,0.013057414
25-03-2025,23668.65039,24159.90039,-0.002242438
26-03-2025,23486.84961,23990.40039,-0.007015757
27-03-2025,23591.94922,24145.05078,0.006446345
28-03-2025,23519.34961,24057.34961,-0.003632263
01-04-2025,23165.69922,23713.80078,-0.014280411
02-04-2025,23332.34961,23901.84961,0.007929932
03-04-2025,23250.09961,23833.30078,-0.00286793
04-04-2025,22904.44922,23433.25,-0.01678537
07-04-2025,22161.59961,22677.90039,-0.032234095
08-04-2025,22535.84961,23077.65039,0.017627293
09-04-2025,22399.15039,22952.44922,-0.005425213
11-04-2025,22828.55078,23369.25,0.018159316
15-04-2025,23328.55078,23917.40039,0.023456054
16-04-2025,23437.19922,24037.25,0.00501098
17-04-2025,23851.65039,24418.34961,0.015854543
21-04-2025,24125.55078,24725.80078,0.012590989
22-04-2025,24167.25,24770.44922,0.001805743
23-04-2025,24328.94922,24937,0.006723769
24-04-2025,24246.69922,24860.90039,-0.003051675
25-04-2025,24039.34961,24581.30078,-0.01124656
28-04-2025,24328.5,24874,0.011907393
29-04-2025,24335.94922,24870.40039,-0.000144714
30-04-2025,24334.19922,24843.80078,-0.001069529
02-05-2025,24346.69922,24849.19922,0.000217295
05-05-2025,24461.15039,25010.19922,0.006479082
06-05-2025,24379.59961,24837.44922,-0.006907182
07-05-2025,24414.40039,24887.19922,0.002003024
08-05-2025,24273.80078,24678,-0.008405896
09-05-2025,24008,24437.55078,-0.009743465
12-05-2025,24924.69922,25381.40039,0.038622922
13-05-2025,24578.34961,25087.09961,-0.011595136
14-05-2025,24666.90039,25193.30078,0.004233298
15-05-2025,25062.09961,25573.05078,0.015073452
16-05-2025,25019.80078,25593.09961,0.000783983
19-05-2025,24945.44922,25551.5,-0.001625423
20-05-2025,24683.90039,25248.65039,-0.011852518
21-05-2025,24813.44922,25409.09961,0.006354764
22-05-2025,24609.69922,25221.90039,-0.007367409
23-05-2025,24853.15039,25453,0.009162657
26-05-2025,25001.15039,25596.5,0.005637842
27-05-2025,24826.19922,25436.34961,-0.00625673
28-05-2025,24752.44922,25361.09961,-0.002958365
29-05-2025,24833.59961,25436.30078,0.002965217
30-05-2025,24750.69922,25344.25,-0.003618874
02-06-2025,24716.59961,25333.65039,-0.000418225
03-06-2025,24542.5,25162.05078,-0.006773584
04-06-2025,24620.19922,25240.65039,0.003123736
05-06-2025,24750.90039,25369.75,0.00511475
06-06-2025,25003.05078,25638.80078,0.010605181
09-06-2025,25103.19922,25779.44922,0.005485765
10-06-2025,25104.25,25785.5,0.000234713
11-06-2025,25141.40039,25807.09961,0.000837665
12-06-2025,24888.19922,25511.55078,-0.01145223
13-06-2025,24718.59961,25331.34961,-0.007063513
16-06-2025,24946.5,25556.75,0.008898081
17-06-2025,24853.40039,25446.69922,-0.004306134
18-06-2025,24812.05078,25398.05078,-0.001911778
19-06-2025,24793.25,25320.44922,-0.003055414
20-06-2025,25112.40039,25648.80078,0.012967841
23-06-2025,24971.90039,25532.94922,-0.004516841
24-06-2025,25044.34961,25631.59961,0.00386365
25-06-2025,25244.75,25822.34961,0.007441986
26-06-2025,25549,26121.09961,0.011569435
27-06-2025,25637.80078,26223.59961,0.003924031
30-06-2025,25517.05078,26139.5,-0.00320702
01-07-2025,25541.80078,26156.09961,0.000635039
02-07-2025,25453.40039,26068.05078,-0.003366283
03-07-2025,25405.30078,26003,-0.002495422
04-07-2025,25461,26066.65039,0.002447809
07-07-2025,25461.30078,26074.55078,0.000303084
08-07-2025,25522.5,26126.05078,0.001975106
09-07-2025,25476.09961,26084,-0.001609534
10-07-2025,25355.25,25971.34961,-0.004318754
11-07-2025,25149.84961,25760.80078,-0.008106965
14-07-2025,25082.30078,25724.15039,-0.001422719
15-07-2025,25195.80078,25849.15039,0.004859247
16-07-2025,25212.05078,25872.19922,0.000891667
17-07-2025,25111.44922,25776.44922,-0.003700884
18-07-2025,24968.40039,25623.5,-0.005933681
21-07-2025,25090.69922,25745.34961,0.004755385
22-07-2025,25060.90039,25703.90039,-0.001609969
23-07-2025,25219.90039,25846,0.005528329
24-07-2025,25062.09961,25701.90039,-0.005575316
25-07-2025,24837,25442.09961,-0.010108232
28-07-2025,24680.90039,25285,-0.00617479
29-07-2025,24821.09961,25443.65039,0.006274486
30-07-2025,24855.05078,25476.05078,0.001273418
31-07-2025,24768.34961,25380.5,-0.003750612
01-08-2025,24565.34961,25149.59961,-0.009097551
04-08-2025,24722.75,25330.19922,0.007181013
05-08-2025,24649.55078,25257.94922,-0.002852327
06-08-2025,24574.19922,25156.34961,-0.004022481
07-08-2025,24596.15039,25185.15039,0.001144871
08-08-2025,24363.30078,24934.05078,-0.009970145
11-08-2025,24585.05078,25172.19922,0.009551133
12-08-2025,24487.40039,25085.40039,-0.003448202
13-08-2025,24619.34961,25223.25,0.005495213
14-08-2025,24631.30078,25226.25,0.000118938
18-08-2025,24876.94922,25492.34961,0.01054852
19-08-2025,24980.65039,25613.30078,0.004744607
20-08-2025,25050.55078,25689.30078,0.002967208
21-08-2025,25083.75,25705.09961,0.000614996
22-08-2025,24870.09961,25495.59961,-0.008150134
25-08-2025,24967.75,25589.69922,0.003690818
26-08-2025,24712.05078,25313.5,-0.010793375
28-08-2025,24500.90039,25078.5,-0.009283584
29-08-2025,24426.84961,25003.05078,-0.003008522
01-09-2025,24625.05078,25231.19922,0.009124824
02-09-2025,24579.59961,25215.05078,-0.000640019
03-09-2025,24715.05078,25358.90039,0.005704911
04-09-2025,24734.30078,25355.15039,-0.000147877
05-09-2025,24741,25356.84961,6.70E-05
08-09-2025,24773.15039,25402,0.001780599
09-09-2025,24868.59961,25489.19922,0.00343277
10-09-2025,24973.09961,25596.94922,0.004227281
11-09-2025,25005.5,25638.75,0.001633038
12-09-2025,25114,25745.09961,0.004148003
15-09-2025,25069.19922,25733.55078,-0.000448584
16-09-2025,25239.09961,25903.55078,0.006606162
17-09-2025,25330.25,25990.44922,0.003354692
18-09-2025,25423.59961,26081.84961,0.003516691
19-09-2025,25327.05078,26025.84961,-0.002147087
22-09-2025,25202.34961,25934.5,-0.003509957
23-09-2025,25169.5,25886,-0.001870096
24-09-2025,25056.90039,25736.34961,-0.005781132
25-09-2025,24890.84961,25562,-0.00677445
26-09-2025,24654.69922,25287.09961,-0.01075426
29-09-2025,24634.90039,25314.84961,0.001097398
30-09-2025,24611.09961,25295.15039,-0.000778169
01-10-2025,24836.30078,25502.94922,0.008214967
03-10-2025,24894.25,25569.30078,0.002601721
06-10-2025,25077.65039,25740.94922,0.006713067
07-10-2025,25108.30078,25772.25,0.001215992
08-10-2025,25046.15039,25685.90039,-0.003350488
09-10-2025,25181.80078,25825.69922,0.005442629
10-10-2025,25285.34961,25924.75,0.003835357
13-10-2025,25227.34961,25867.75,-0.002198671
14-10-2025,25145.5,25775.15039,-0.003579732
15-10-2025,25323.55078,25984.05078,0.008104721
16-10-2025,25585.30078,26229.19922,0.009434574
17-10-2025,25709.84961,26329.80078,0.00383548
20-10-2025,25843.15039,26449.75,0.004555645
21-10-2025,25868.59961,26475.84961,0.000986762
23-10-2025,25891.40039,26490.05078,0.000536382
24-10-2025,25795.15039,26402.80078,-0.003293689
27-10-2025,25966.05078,26565,0.006143258
28-10-2025,25936.19922,26517.44922,-0.001789979
29-10-2025,26053.90039,26679.25,0.006101672
30-10-2025,25877.84961,26518.84961,-0.006012178
31-10-2025,25722.09961,26369.5,-0.005631828
03-11-2025,25763.34961,26445.84961,0.002895376
04-11-2025,25597.65039,26284.44922,-0.006103052
06-11-2025,25509.69922,26154.94922,-0.004926868
07-11-2025,25492.30078,26144.19922,-0.000411012
10-11-2025,25574.34961,26230.80078,0.003312458
11-11-2025,25694.94922,26340,0.004163015
12-11-2025,25875.80078,26500,0.006074412
13-11-2025,25879.15039,26505.59961,0.000211306
14-11-2025,25910.05078,26528,0.000845119
17-11-2025,26013.44922,26639.40039,0.004199351
18-11-2025,25910.05078,26519,-0.004519636
19-11-2025,26052.65039,26640.5,0.004581621
20-11-2025,26192.15039,26755.5,0.004316736
21-11-2025,26068.15039,26593.19922,-0.006066072
24-11-2025,25959.5,26458.25,-0.005074576
25-11-2025,25884.80078,26405.30078,-0.002001237
26-11-2025,26205.30078,26743.05078,0.012790992
27-11-2025,26215.55078,26744.34961,4.86E-05
28-11-2025,26202.94922,26737.80078,-0.000244868
01-12-2025,26175.75,26719.75,-0.000675103
02-12-2025,26032.19922,26592.84961,-0.004749311
03-12-2025,25986,26506.09961,-0.003262155
04-12-2025,26033.75,26557,0.001920327
05-12-2025,26186.44922,26696.90039,0.005267929
08-12-2025,25960.55078,26415.55078,-0.010538662
09-12-2025,25839.65039,26337.34961,-0.002960422
10-12-2025,25758,26259.25,-0.002965356
11-12-2025,25898.55078,26402.44922,0.005453287
12-12-2025,26046.94922,26565.09961,0.006160428
15-12-2025,26027.30078,26555.34961,-0.000367023
16-12-2025,25860.09961,26394.5,-0.006057145
17-12-2025,25818.55078,26342.65039,-0.00196441
18-12-2025,25815.55078,26324.65039,-0.000683303
19-12-2025,25966.40039,26488,0.006205196
22-12-2025,26172.40039,26693.19922,0.007746875
23-12-2025,26177.15039,26713.15039,0.000747425
24-12-2025,26142.09961,26674.5,-0.001446868
26-12-2025,26042.30078,26589.34961,-0.003192202
29-12-2025,25942.09961,26483.44922,-0.003982812
30-12-2025,25938.84961,26482.55078,-3.39E-05
31-12-2025,26129.59961,26689.30078,0.007807027
02-01-2026,26328.55078,26925.30078,0.008842495
05-01-2026,26250.30078,26858.15039,-0.002493951
06-01-2026,26178.69922,26808.75,-0.001839307
07-01-2026,26140.75,26781.80078,-0.00100524
08-01-2026,25876.84961,26462.59961,-0.011918585
09-01-2026,25683.30078,26252.94922,-0.007922517
12-01-2026,25790.25,26357.40039,0.003978645
13-01-2026,25732.30078,26296.75,-0.002301076
14-01-2026,25665.59961,26256.30078,-0.001538183
16-01-2026,25694.34961,26285.30078,0.001104497
19-01-2026,25585.5,26181.94922,-0.003931915
20-01-2026,25232.5,25780.94922,-0.015315896
21-01-2026,25157.5,25701.40039,-0.003085566
22-01-2026,25289.90039,25860.25,0.006180582
23-01-2026,25048.65039,25570.5,-0.011204455
27-01-2026,25175.40039,25706.15039,0.005304956
28-01-2026,25342.75,25943.80078,0.009244884
29-01-2026,25418.90039,26021.69922,0.003002584
30-01-2026,25320.65039,25902,-0.004599977
02-02-2026,25088.40039,25655.34961,-0.009522446
03-02-2026,25727.55078,26313.19922,0.02564181
04-02-2026,25776,26382.69922,0.00264126
05-02-2026,25642.80078,26248.30078,-0.005094188
06-02-2026,25693.69922,26297.30078,0.001866788
09-02-2026,25867.30078,26487.80078,0.007244089
10-02-2026,25935.15039,26552.09961,0.002427488
11-02-2026,25953.84961,26592.30078,0.001514049
12-02-2026,25807.19922,26448.05078,-0.005424502
13-02-2026,25471.09961,26092.40039,-0.01344713
16-02-2026,25682.75,26315.34961,0.008544604
17-02-2026,25725.40039,26375.09961,0.002270538
18-02-2026,25819.34961,26484.59961,0.004151643
19-02-2026,25454.34961,26090.69922,-0.014872809
20-02-2026,25571.25,26217.30078,0.004852364
23-02-2026,25713,26355.40039,0.005267499
24-02-2026,25424.65039,26112.19922,-0.009227755
25-02-2026,25482.5,26200.5,0.003381591
26-02-2026,25496.55078,26226.84961,0.001005691
27-02-2026,25178.65039,25897.55078,-0.012555791
02-03-2026,24865.69922,25563.5,-0.012898933
04-03-2026,24480.5,25118.25,-0.017417412
05-03-2026,24765.90039,25420.09961,0.012017143
06-03-2026,24450.44922,25134.90039,-0.011219438
09-03-2026,24028.05078,24685.65039,-0.017873554
10-03-2026,24261.59961,24957.80078,0.011024639
11-03-2026,23866.84961,24574.55078,-0.01535592
12-03-2026,23639.15039,24375.09961,-0.008116167
13-03-2026,23151.09961,23849.25,-0.021573229
16-03-2026,23408.80078,24055.40039,0.008643894
17-03-2026,23581.15039,24237.80078,0.007582513
18-03-2026,23777.80078,24446.44922,0.00860839
19-03-2026,23002.15039,23651.94922,-0.032499607
20-03-2026,23114.5,23766.09961,0.004826257
23-03-2026,22512.65039,23098.25,-0.028100935
24-03-2026,22912.40039,23499.30078,0.017362821
25-03-2026,23306.44922,23915.15039,0.017696255
27-03-2026,22819.59961,23400.05078,-0.021538631
30-03-2026,22331.40039,22875.5,-0.022416651
01-04-2026,22679.40039,23272.75,0.017365741
02-04-2026,22713.09961,23304.19922,0.001351332
06-04-2026,22968.25,23579.44922,0.011811176
07-04-2026,23123.65039,23730.25,0.006395433
08-04-2026,23997.34961,24666.69922,0.039462257
09-04-2026,23775.09961,24486.5,-0.007305364
10-04-2026,24050.59961,24809.80078,0.013203225
13-04-2026,23842.65039,24599.65039,-0.008470459
15-04-2026,24231.30078,25023.69922,0.017238002
16-04-2026,24196.75,25042.30078,0.000743358
17-04-2026,24353.55078,25238.90039,0.007850701
20-04-2026,24364.84961,25252.90039,0.000554699
21-04-2026,24576.59961,25464,0.00835942
22-04-2026,24378.09961,25329.94922,-0.005264325
23-04-2026,24173.05078,25094.94922,-0.009277555
24-04-2026,23897.94922,24827.30078,-0.010665431
27-04-2026,24092.69922,25052.25,0.009060559
28-04-2026,23995.69922,24955,-0.003881887
29-04-2026,24177.65039,25106.09961,0.006054883
30-04-2026,23997.55078,24896,-0.008368469
04-05-2026,24119.30078,25041.09961,0.00582823
05-05-2026,24032.80078,24990.30078,-0.002028618
06-05-2026,24330.94922,25312.59961,0.012896957
07-05-2026,24326.65039,25319.5,0.000272607
08-05-2026,24176.15039,25168.59961,-0.005959849
11-05-2026,23815.84961,24784.80078,-0.015249113
12-05-2026,23379.55078,24303.05078,-0.019437316
13-05-2026,23412.59961,24369.05078,0.002715708
14-05-2026,23689.59961,24654.40039,0.011709509
15-05-2026,23643.5,24572.15039,-0.003336118
18-05-2026,23649.94922,24534.25,-0.001542412
19-05-2026,23618,24531.69922,-0.000103968
20-05-2026,23659,24590.59961,0.002400991
21-05-2026,23654.69922,24596.40039,0.000235894
22-05-2026,23719.30078,24669.30078,0.002963864
25-05-2026,24031.69922,25001.69922,0.013474174
26-05-2026,23913.69922,24910.09961,-0.003663735
27-05-2026,23907.15039,24970.84961,0.00243877
29-05-2026,23547.75,24608.44922,-0.014512938
01-06-2026,23382.59961,24393.05078,-0.008753028
02-06-2026,23483.55078,24491.30078,0.004027786
03-06-2026,23405.59961,24408.30078,-0.003388958
04-06-2026,23416.55078,24427.69922,0.000794748
05-06-2026,23366.69922,24397.30078,-0.001244425
08-06-2026,23123,24111.09961,-0.011730854
09-06-2026,23242.09961,24275.59961,0.006822584
10-06-2026,23214.94922,24200.75,-0.003083327
11-06-2026,23161.59961,24104.69922,-0.003968917
12-06-2026,23622.90039,24602.25,0.020641236
15-06-2026,23853.90039,24907.84961,0.012421612
16-06-2026,23989.15039,25029.90039,0.004900093
17-06-2026,24085.69922,25141.80078,0.004470669
18-06-2026,24168,25233.65039,0.003653263
19-06-2026,24013.09961,25086.65039,-0.005825554
22-06-2026,24102.90039,25209.55078,0.004899035
23-06-2026,23824.09961,24907.80078,-0.01196967
24-06-2026,24021.65039,25075.94922,0.006750834
25-06-2026,24056,25114.09961,0.001521394
29-06-2026,23946.25,24976.69922,-0.005471046
30-06-2026,23865.75,24915.59961,-0.002446264
